Open Time,Open,High,Low,Close,Volume,Close time,Quote asset volume,Number of trades,Taker buy base asset volume,Taker buy quote asset volume,Ignore
1647928800000,42865.94000000,42887.84000000,42176.25000000,42471.15000000,785.32990000,1647929699999,33390390.55184220,19687,296.99407000,12614725.50574540,0
1647929700000,42471.15000000,42508.16000000,42120.68000000,42217.69000000,318.62575000,1647930599999,13474834.31926490,8687,123.66738000,5229485.20098250,0
1647930600000,42221.49000000,42350.00000000,42157.69000000,42193.52000000,170.96573000,1647931499999,7223186.34854620,4410,101.78845000,4299960.70548050,0
1647931500000,42192.75000000,42255.84000000,42014.64000000,42255.83000000,262.48519000,1647932399999,11055800.21950670,7460,137.56044000,5795276.84535030,0
1647932400000,42255.84000000,42309.80000000,42227.80000000,42284.83000000,139.49272000,1647933299999,5895939.59610030,3937,68.12292000,2879392.52906060,0
1647933300000,42284.83000000,42399.98000000,42200.00000000,42234.48000000,238.48057000,1647934199999,10081088.30389970,5513,101.59519000,4296187.62544110,0
1647934200000,42234.48000000,42322.90000000,42234.48000000,42283.98000000,131.30948000,1647935099999,5551234.92454380,3379,58.89558000,2489770.84723830,0
1647935100000,42283.99000000,42319.89000000,42232.56000000,42234.61000000,142.97458000,1647935999999,6044526.74081680,3379,51.24529000,2166198.66134010,0
1647936000000,42234.62000000,42464.26000000,42100.83000000,42460.39000000,371.33813000,1647936899999,15709961.49250560,8050,141.20694000,5977247.14369030,0
1647936900000,42460.39000000,42520.00000000,42345.60000000,42448.65000000,193.19414000,1647937799999,8197048.81652910,4887,77.79083000,3301115.39256530,0
1647937800000,42450.00000000,42546.97000000,42442.55000000,42536.01000000,138.89211000,1647938699999,5902166.23601580,3951,81.45850000,3461493.56716450,0
1647938700000,42536.01000000,42702.41000000,42500.00000000,42568.40000000,208.02154000,1647939599999,8860099.84771590,6236,104.68066000,4459407.33523360,0
1647939600000,42568.42000000,42618.15000000,42470.01000000,42579.99000000,143.39265000,1647940499999,6101023.78155420,3817,58.30784000,2480945.99404870,0
1647940500000,42579.99000000,42588.44000000,42435.09000000,42461.55000000,111.12572000,1647941399999,4724034.38518270,3416,36.64063000,1557380.68897240,0
1647941400000,42460.01000000,42527.21000000,42414.01000000,42521.00000000,127.82193000,1647942299999,5433307.79072440,3113,86.41030000,3673565.63028220,0
1647942300000,42521.00000000,42562.14000000,42473.12000000,42478.01000000,131.75606000,1647943199999,5601370.34223330,3051,78.05069000,3318368.32322710,0
1647943200000,42478.01000000,42588.92000000,42470.00000000,42580.83000000,94.34552000,1647944099999,4010793.33631290,2861,41.70585000,1773030.42838080,0
1647944100000,42580.82000000,42800.00000000,42575.00000000,42709.58000000,285.72343000,1647944999999,12190177.63036980,6461,145.66218000,6215466.93478050,0
1647945000000,42709.57000000,42866.92000000,42703.38000000,42849.99000000,203.28726000,1647945899999,8700743.22585180,6039,107.99188000,4622281.14529870,0
1647945900000,42850.00000000,42940.00000000,42801.43000000,42853.50000000,177.64311000,1647946799999,7616585.65884000,5212,80.37365000,3446240.52586240,0
1647946800000,42853.50000000,43000.00000000,42782.80000000,42941.68000000,143.21189000,1647947699999,6145552.58262820,5039,67.51302000,2897217.93739540,0
1647947700000,42941.68000000,42990.00000000,42892.71000000,42979.77000000,122.96073000,1647948599999,5280701.76511640,4040,58.48672000,2511618.07752440,0
1647948600000,42979.77000000,43043.97000000,42806.00000000,42957.63000000,183.95586000,1647949499999,7891984.99989940,5831,103.48643000,4440580.19979730,0
1647949500000,42957.99000000,43006.56000000,42911.56000000,42999.00000000,146.71553000,1647950399999,6304126.52471540,4632,71.34980000,3065697.24632390,0
1647950400000,42999.00000000,43100.00000000,42891.02000000,42934.71000000,221.52145000,1647951299999,9520897.83488630,6269,109.32852000,4699516.54171570,0
1647951300000,42933.70000000,42933.70000000,42834.41000000,42915.91000000,112.35972000,1647952199999,4817052.49652400,4303,50.11364000,2148449.37380450,0
1647952200000,42915.91000000,42928.78000000,42784.37000000,42893.83000000,94.89478000,1647953099999,4065736.78914970,3585,35.75787000,1532274.70320420,0
1647953100000,42893.92000000,42976.00000000,42845.74000000,42969.99000000,74.22525000,1647953999999,3185476.96387890,3340,42.48441000,1823293.65572440,0
1647954000000,42971.79000000,42998.20000000,42836.17000000,42880.00000000,91.63999000,1647954899999,3933905.36850540,3067,39.71394000,1705034.43282440,0
1647954900000,42880.01000000,42920.00000000,42821.22000000,42832.47000000,69.81332000,1647955799999,2992898.09691820,2494,29.66991000,1272003.85820410,0
1647955800000,42832.48000000,43045.00000000,42809.14000000,42961.65000000,271.84658000,1647956699999,11667804.05997130,6248,163.97343000,7036167.46370610,0
1647956700000,42961.65000000,42978.17000000,42686.65000000,42846.26000000,249.91638000,1647957599999,10696351.39768590,7304,110.47888000,4728500.55426570,0
1647957600000,42846.27000000,42989.17000000,42846.27000000,42912.71000000,113.86059000,1647958499999,4887464.74586360,4390,68.27264000,2930649.27724990,0
1647958500000,42912.71000000,43041.46000000,42902.80000000,42968.74000000,210.86656000,1647959399999,9058311.01773910,5219,147.40628000,6331838.62893400,0
1647959400000,42968.73000000,43222.22000000,42850.00000000,42902.03000000,382.05768000,1647960299999,16442455.13940820,10900,168.86569000,7269350.54389390,0
1647960300000,42902.02000000,42967.43000000,42758.44000000,42785.59000000,201.47100000,1647961199999,8633631.56742560,5281,70.63144000,3026994.22638320,0
1647961200000,42785.58000000,42812.95000000,42697.62000000,42718.00000000,256.10000000,1647962099999,10947701.83690410,5996,103.12364000,4408240.64407360,0
1647962100000,42718.01000000,42800.00000000,42671.60000000,42721.18000000,114.62952000,1647962999999,4899365.35714880,3907,40.57572000,1734484.42953290,0
1647963000000,42721.20000000,42736.92000000,42608.73000000,42681.73000000,96.71542000,1647963899999,4127624.58340630,4268,45.16283000,1927486.33351420,0
1647963900000,42681.73000000,42699.99000000,42581.30000000,42597.60000000,135.92365000,1647964799999,5797257.49944940,3661,51.23666000,2185187.53749870,0
1647964800000,42595.54000000,42713.00000000,42570.00000000,42661.51000000,109.09020000,1647965699999,4653091.39856390,3540,55.98275000,2388374.37504260,0
1647965700000,42662.66000000,42693.87000000,42528.72000000,42555.01000000,133.34028000,1647966599999,5679088.29920000,4232,51.46455000,2191886.39971900,0
1647966600000,42555.01000000,42630.18000000,42492.15000000,42566.16000000,149.71567000,1647967499999,6371036.94761780,4471,70.81189000,3013450.62254650,0
1647967500000,42564.30000000,42573.18000000,42475.53000000,42533.85000000,117.43128000,1647968399999,4994737.46479880,3555,58.86730000,2503959.03989570,0
1647968400000,42533.85000000,42645.00000000,42500.01000000,42619.99000000,76.28180000,1647969299999,3248716.34762730,3112,35.61323000,1516686.61134380,0
1647969300000,42619.99000000,42649.24000000,42571.78000000,42622.65000000,63.00303000,1647970199999,2684755.04405310,2450,29.62729000,1262533.77082910,0
1647970200000,42623.15000000,42631.24000000,42550.00000000,42608.18000000,57.04001000,1647971099999,2429721.05656990,2148,25.75557000,1097066.54353900,0
1647971100000,42608.42000000,42634.53000000,42540.00000000,42634.53000000,98.31021000,1647971999999,4185777.60508750,2264,25.72658000,1095516.20620730,0
1647972000000,42634.53000000,42636.93000000,42563.76000000,42583.76000000,46.70836000,1647972899999,1989520.63142630,1985,21.01685000,895128.29421010,0
1647972900000,42583.75000000,42646.48000000,42522.43000000,42542.72000000,54.46018000,1647973799999,2318926.43317760,2387,25.23738000,1074806.76416530,0
1647973800000,42542.72000000,42594.56000000,42504.37000000,42567.94000000,89.37521000,1647974699999,3802291.26664020,2853,52.40594000,2229571.35554080,0
1647974700000,42567.72000000,42610.81000000,42530.51000000,42580.00000000,57.45266000,1647975599999,2445814.20584340,2055,30.58777000,1302270.89411620,0
1647975600000,42580.01000000,42713.00000000,42570.24000000,42681.44000000,108.06049000,1647976499999,4611762.76914830,3414,72.94361000,3113194.35444270,0
1647976500000,42681.44000000,42685.00000000,42590.77000000,42608.13000000,73.35918000,1647977399999,3127735.17359860,2295,31.53287000,1344386.56521540,0
1647977400000,42608.13000000,42658.70000000,42598.83000000,42601.09000000,62.42488000,1647978299999,2661039.48397560,2047,24.63617000,1050083.63518270,0
1647978300000,42601.09000000,42646.46000000,42288.00000000,42306.86000000,281.90347000,1647979199999,11957035.25733050,9149,106.07566000,4499254.84092850,0
1647979200000,42306.81000000,42478.79000000,42288.00000000,42478.78000000,116.81182000,1647980099999,4950372.44682980,3567,66.16698000,2803836.71439160,0
1647980100000,42478.79000000,42577.55000000,42380.87000000,42513.87000000,127.57598000,1647980999999,5420401.26910310,3932,54.27684000,2306744.82753160,0
1647981000000,42513.88000000,42513.88000000,42423.71000000,42423.71000000,41.44739000,1647981899999,1760311.88544400,1971,15.54196000,660077.92711180,0
1647981900000,42423.71000000,42653.85000000,42422.01000000,42607.57000000,115.49404000,1647982799999,4915246.39659110,3480,70.37505000,2994086.79216220,0
1647982800000,42607.56000000,42789.84000000,42593.02000000,42730.84000000,175.93574000,1647983699999,7512772.12324520,4135,132.71149000,5667525.65556770,0
1647983700000,42730.84000000,42764.26000000,42671.99000000,42730.00000000,48.62681000,1647984599999,2077065.77997820,2027,24.01267000,1025799.80081580,0
1647984600000,42730.00000000,42866.22000000,42729.99000000,42830.11000000,58.51578000,1647985499999,2504957.95640810,3367,35.28700000,1510485.52844390,0
1647985500000,42830.11000000,42895.86000000,42712.70000000,42849.07000000,145.51890000,1647986399999,6230996.87564970,3478,59.03845000,2528834.97395440,0
1647986400000,42849.08000000,42851.64000000,42567.84000000,42582.97000000,122.12278000,1647987299999,5215427.32839770,4267,54.99706000,2349376.57733260,0
1647987300000,42582.96000000,42755.10000000,42513.73000000,42629.85000000,111.14354000,1647988199999,4736743.05981210,3968,51.17908000,2181157.95109730,0
1647988200000,42629.85000000,42664.48000000,42501.00000000,42518.62000000,119.22756000,1647989099999,5076922.17724170,3290,53.17458000,2264136.27985680,0
1647989100000,42518.62000000,42575.48000000,42479.92000000,42554.30000000,60.38022000,1647989999999,2567773.55998330,2049,28.05651000,1193282.56606050,0
1647990000000,42554.31000000,42556.83000000,42449.03000000,42540.00000000,76.58514000,1647990899999,3253639.85575620,2469,36.24510000,1539896.30926470,0
1647990900000,42539.99000000,42539.99000000,42347.42000000,42353.77000000,112.96721000,1647991799999,4792510.97767430,3310,48.02092000,2037121.98559580,0
1647991800000,42347.42000000,42438.90000000,42263.04000000,42324.85000000,151.44254000,1647992699999,6414555.00002420,4677,61.83081000,2618603.15254540,0
1647992700000,42321.32000000,42414.09000000,42277.78000000,42380.00000000,55.74559000,1647993599999,2361256.12737520,2028,26.71852000,1131807.19925890,0
1647993600000,42379.99000000,42496.05000000,42327.40000000,42490.63000000,121.66362000,1647994499999,5158277.92119740,3625,63.10205000,2675686.32662060,0
1647994500000,42496.01000000,42506.44000000,42354.70000000,42423.60000000,86.27736000,1647995399999,3660016.93550650,2549,39.78746000,1687789.87731390,0
1647995400000,42423.61000000,42452.26000000,42301.01000000,42349.30000000,86.76232000,1647996299999,3674859.79873260,2669,35.09622000,1486446.48545060,0
1647996300000,42349.31000000,42450.00000000,42349.31000000,42419.72000000,49.47611000,1647997199999,2098530.77134660,2075,30.62079000,1298619.27405530,0
1647997200000,42419.72000000,42419.72000000,41915.07000000,42168.66000000,936.20761000,1647998099999,39433163.44025490,16212,321.65756000,13540254.28033320,0
1647998100000,42168.65000000,42218.01000000,42105.00000000,42148.04000000,159.50868000,1647998999999,6723074.89866370,3137,41.20037000,1736801.02120690,0
1647999000000,42148.04000000,42263.00000000,42041.00000000,42256.69000000,137.61241000,1647999899999,5802356.28648250,3266,55.22040000,2329081.06021870,0
1647999900000,42256.69000000,42389.04000000,42218.08000000,42342.82000000,83.61421000,1648000799999,3536966.39415070,3391,49.16917000,2079260.17612790,0
1648000800000,42342.81000000,42349.23000000,42270.66000000,42297.76000000,58.96002000,1648001699999,2494607.27256110,2371,30.17450000,1276668.74923590,0
1648001700000,42297.76000000,42550.00000000,42297.75000000,42546.07000000,142.81979000,1648002599999,6062476.33411490,4975,99.40785000,4219056.93313080,0
1648002600000,42546.08000000,42546.08000000,42433.28000000,42451.48000000,88.04084000,1648003499999,3740168.32159920,2257,32.75352000,1391367.35068840,0
1648003500000,42451.48000000,42451.49000000,42300.00000000,42347.45000000,69.63526000,1648004399999,2950371.10549460,2730,27.59165000,1169113.32475080,0
1648004400000,42347.43000000,42387.25000000,42192.71000000,42236.27000000,79.73370000,1648005299999,3370173.37365660,3125,38.14811000,1612883.63254510,0
1648005300000,42238.39000000,42290.20000000,42185.12000000,42220.74000000,77.57092000,1648006199999,3277214.20008120,2273,30.70726000,1297295.26821820,0
1648006200000,42220.74000000,42281.13000000,42190.01000000,42228.97000000,60.61021000,1648007099999,2560073.93585600,1929,26.49509000,1119125.44676450,0
1648007100000,42228.97000000,42244.49000000,42088.67000000,42094.98000000,84.63271000,1648007999999,3566933.11404560,2878,26.95033000,1135855.83652770,0
1648008000000,42095.30000000,42220.91000000,42079.99000000,42115.00000000,85.38007000,1648008899999,3598608.23693160,2493,46.48601000,1959639.08193850,0
1648008900000,42115.00000000,42124.66000000,41811.00000000,41846.86000000,327.79766000,1648009799999,13743793.42108820,8846,107.03403000,4488004.48724820,0
1648009800000,41846.86000000,41911.86000000,41773.00000000,41866.46000000,180.85582000,1648010699999,7572044.01267800,4109,91.81173000,3845141.74419820,0
1648010700000,41866.46000000,41976.15000000,41832.90000000,41964.33000000,93.32595000,1648011599999,3912199.89948060,2493,54.28855000,2276074.96033060,0
1648011600000,41964.34000000,41969.71000000,41807.19000000,41818.02000000,109.78135000,1648012499999,4596490.42167630,2396,28.01016000,1172701.54125000,0
1648012500000,41818.02000000,41925.00000000,41803.02000000,41920.00000000,62.51859000,1648013399999,2618491.84351720,2090,37.43515000,1567664.07928950,0
1648013400000,41920.00000000,42030.61000000,41900.00000000,42016.47000000,85.38355000,1648014299999,3584253.04152890,2983,58.49189000,2455425.61648350,0
1648014300000,42016.47000000,42089.61000000,41959.19000000,42044.60000000,84.61787000,1648015199999,3557019.46516600,3017,49.81344000,2094041.15586540,0
1648015200000,42044.60000000,42052.07000000,41971.69000000,42036.90000000,67.99088000,1648016099999,2856516.48039500,2342,35.62582000,1496811.48266470,0
1648016100000,42036.90000000,42139.74000000,42036.89000000,42127.56000000,54.58680000,1648016999999,2297819.32011530,2590,32.29738000,1359605.09974290,0
1648017000000,42127.57000000,42224.42000000,42071.95000000,42211.99000000,131.63705000,1648017899999,5549350.92694250,3543,74.79672000,3152321.02285460,0
1648017900000,42212.99000000,42268.01000000,42132.00000000,42250.00000000,154.32849000,1648018799999,6512730.38628840,3382,97.57104000,4117013.05631550,0
1648018800000,42250.01000000,42274.34000000,42076.09000000,42111.06000000,86.87584000,1648019699999,3663417.34389750,2746,34.28579000,1445996.78357280,0
1648019700000,42111.06000000,42170.00000000,42058.09000000,42154.75000000,55.74302000,1648020599999,2347969.73842070,2308,22.88828000,964187.12654290,0
1648020600000,42154.75000000,42232.27000000,42077.28000000,42192.78000000,73.32840000,1648021499999,3091081.41178570,2983,41.23201000,1738066.37734140,0
1648021500000,42192.79000000,42194.91000000,42100.00000000,42124.58000000,63.79321000,1648022399999,2687706.72237260,2546,32.09281000,1352049.43933620,0
1648022400000,42124.58000000,42166.65000000,42010.00000000,42071.68000000,86.42562000,1648023299999,3636136.53389720,3228,40.85439000,1718625.28769110,0
1648023300000,42071.68000000,42331.22000000,42003.32000000,42253.56000000,185.58789000,1648024199999,7836021.51772020,5591,124.37602000,5251985.62052120,0
1648024200000,42253.56000000,42367.29000000,42251.04000000,42325.74000000,202.94995000,1648025099999,8586300.19001290,4250,79.05432000,3344816.79776200,0
1648025100000,42325.75000000,42325.75000000,42254.00000000,42254.00000000,42.26102000,1648025999999,1787337.86064080,1998,15.51485000,656085.86338540,0
1648026000000,42254.00000000,42318.14000000,42194.05000000,42211.79000000,48.79982000,1648026899999,2062002.61056840,2635,22.75852000,961815.50151160,0
1648026900000,42211.79000000,42219.41000000,42123.76000000,42127.53000000,76.64830000,1648027799999,3232175.13460030,3031,34.25308000,1444377.23019490,0
1648027800000,42127.51000000,42163.20000000,42044.60000000,42071.29000000,140.87563000,1648028699999,5931065.91712650,3635,49.55854000,2086338.35162880,0
1648028700000,42071.30000000,42210.20000000,42050.68000000,42186.16000000,85.45705000,1648029599999,3601595.40769200,3063,41.15957000,1734808.93901610,0
1648029600000,42186.16000000,42192.31000000,42120.27000000,42164.40000000,74.27338000,1648030499999,3131415.33695600,2653,36.64289000,1544792.17691080,0
1648030500000,42164.40000000,42293.38000000,42136.58000000,42234.52000000,102.68109000,1648031399999,4335693.69187290,3373,69.96385000,2954294.56174210,0
1648031400000,42234.52000000,42254.45000000,42157.68000000,42162.22000000,42.63869000,1648032299999,1799884.98112450,2271,18.11613000,764705.69056490,0
1648032300000,42162.22000000,42250.98000000,42162.18000000,42175.72000000,45.45205000,1648033199999,1918091.82612320,2218,25.55522000,1078516.56763300,0
1648033200000,42175.72000000,42207.97000000,42108.57000000,42117.29000000,73.10626000,1648034099999,3081596.46216750,2754,29.45196000,1241527.02323990,0
1648034100000,42117.28000000,42120.66000000,41902.00000000,41974.11000000,219.58161000,1648034999999,9225866.74372460,5766,68.10570000,2860550.31471230,0
1648035000000,41974.12000000,42055.58000000,41926.96000000,41928.56000000,120.47311000,1648035899999,5059778.08896300,3149,53.52661000,2248006.67219430,0
1648035900000,41928.56000000,42068.00000000,41920.76000000,42057.24000000,75.73703000,1648036799999,3180774.45567140,2962,45.89825000,1927559.20977990,0
1648036800000,42057.24000000,42106.55000000,41991.63000000,41996.21000000,81.67182000,1648037699999,3435291.26694280,2907,48.65609000,2046618.27342560,0
1648037700000,41996.20000000,41999.00000000,41901.00000000,41968.07000000,98.31402000,1648038599999,4123679.19006260,3157,40.23517000,1687658.59306520,0
1648038600000,41968.07000000,42208.62000000,41968.07000000,42205.14000000,184.62637000,1648039499999,7776470.54851620,4800,118.78280000,5003585.99288940,0
1648039500000,42205.16000000,42457.51000000,42197.26000000,42372.74000000,423.56062000,1648040399999,17925107.08655350,8640,235.98854000,9986164.38676950,0
1648040400000,42372.73000000,42466.66000000,42177.90000000,42201.74000000,276.74293000,1648041299999,11716415.21700170,6172,133.85703000,5669298.90212730,0
1648041300000,42201.74000000,42317.62000000,42188.33000000,42212.86000000,85.14826000,1648042199999,3597932.33341240,2741,40.19438000,1698310.46538700,0
1648042200000,42212.86000000,42248.00000000,42039.17000000,42073.88000000,260.89241000,1648043099999,10988117.21682630,6137,88.12050000,3711870.10947910,0
1648043100000,42073.87000000,42099.26000000,41990.72000000,42036.00000000,179.18332000,1648043999999,7532303.95909690,4617,96.37910000,4051399.31622040,0
1648044000000,42036.00000000,42233.35000000,41980.00000000,42225.86000000,241.34609000,1648044899999,10153789.81558040,5654,165.49216000,6961086.98599460,0
1648044900000,42225.86000000,42323.50000000,42111.12000000,42293.70000000,157.88797000,1648045799999,6666748.12613330,5108,89.44594000,3777098.28649220,0
1648045800000,42293.70000000,42359.05000000,42235.72000000,42246.48000000,184.94116000,1648046699999,7821958.83276830,4639,95.12913000,4023285.83552060,0
1648046700000,42246.48000000,42419.90000000,42229.30000000,42401.67000000,180.97104000,1648047599999,7662080.98558860,4406,101.69547000,4306019.52406480,0
1648047600000,42401.66000000,42518.95000000,42321.80000000,42459.24000000,316.14808000,1648048499999,13416600.49779240,7932,171.58721000,7282116.22182350,0
1648048500000,42459.24000000,42572.28000000,42391.17000000,42518.12000000,225.63586000,1648049399999,9589079.19182620,5658,97.94981000,4162739.31020790,0
1648049400000,42518.13000000,42693.56000000,42455.91000000,42689.39000000,184.75338000,1648050299999,7873048.40309990,6166,102.33103000,4361106.96823770,0
1648050300000,42689.40000000,42753.98000000,42626.00000000,42633.34000000,264.64547000,1648051199999,11293894.06873510,5333,170.49707000,7275153.98543270,0
1648051200000,42633.35000000,42760.00000000,42511.94000000,42521.13000000,207.86729000,1648052099999,8862256.44480060,5698,82.46663000,3516547.98452360,0
1648052100000,42521.13000000,42777.00000000,42511.85000000,42687.99000000,143.11933000,1648052999999,6107613.04346110,5117,75.16832000,3207278.87060420,0
1648053000000,42685.01000000,42717.17000000,42550.00000000,42568.53000000,101.29548000,1648053899999,4317107.23499850,4000,36.37251000,1550271.20098660,0
1648053900000,42568.83000000,42599.97000000,42505.00000000,42598.95000000,123.30684000,1648054799999,5247243.24347870,3467,59.70538000,2540712.97606450,0
1648054800000,42598.94000000,42618.40000000,42410.87000000,42489.36000000,161.79206000,1648055699999,6872169.34287910,4453,85.30710000,3623415.21783880,0
1648055700000,42489.35000000,42539.71000000,42307.28000000,42357.38000000,206.13210000,1648056599999,8742522.03308190,5264,87.51893000,3712211.24551740,0
1648056600000,42357.37000000,42404.47000000,42277.82000000,42277.82000000,100.83182000,1648057499999,4270410.60461460,3344,49.86560000,2112055.11803690,0
1648057500000,42277.82000000,42326.82000000,42075.87000000,42179.52000000,294.13687000,1648058399999,12402272.25913320,7596,130.48763000,5501905.45234230,0
1648058400000,42179.52000000,42183.82000000,42070.00000000,42093.80000000,124.55714000,1648059299999,5245750.78002490,3820,49.77515000,2096302.10535690,0
1648059300000,42093.79000000,42181.00000000,42064.00000000,42180.99000000,61.17099000,1648060199999,2578015.27991550,2641,36.41217000,1534620.01001690,0
1648060200000,42181.00000000,42235.00000000,42132.15000000,42165.19000000,103.96206000,1648061099999,4385281.66556390,2910,50.75840000,2141448.80824490,0
1648061100000,42165.19000000,42213.08000000,42102.06000000,42103.72000000,132.75243000,1648061999999,5597187.06073380,2751,49.14882000,2071739.35940270,0
1648062000000,42103.72000000,42189.28000000,42088.94000000,42174.93000000,85.14753000,1648062899999,3588648.97932530,2694,38.97813000,1643041.71531820,0
1648062900000,42174.93000000,42374.23000000,42172.63000000,42323.95000000,186.49858000,1648063799999,7884568.16222470,4341,107.63822000,4550387.87942610,0
1648063800000,42323.65000000,42352.83000000,42218.72000000,42300.00000000,79.99754000,1648064699999,3383338.76803510,2543,43.39452000,1835435.07966740,0
1648064700000,42300.01000000,42358.53000000,42223.49000000,42232.65000000,72.03357000,1648065599999,3046583.40279410,2334,31.90820000,1349693.97851090,0
1648065600000,42232.65000000,42351.00000000,42205.52000000,42301.59000000,115.69020000,1648066499999,4889531.88918160,3131,65.66630000,2775550.32945560,0
1648066500000,42301.60000000,42409.84000000,42271.63000000,42386.35000000,69.75538000,1648067399999,2952880.68902040,2560,31.88974000,1350148.89440050,0
1648067400000,42386.35000000,42416.66000000,42329.58000000,42416.66000000,43.33392000,1648068299999,1836008.40845810,1814,20.32241000,861061.47713940,0
1648068300000,42416.65000000,42416.69000000,42302.24000000,42368.56000000,57.52516000,1648069199999,2436994.70283170,2015,24.27218000,1028105.86897340,0
1648069200000,42368.55000000,42373.92000000,42266.13000000,42280.89000000,48.59841000,1648070099999,2056318.23285680,2065,19.10462000,808138.46526650,0
1648070100000,42280.89000000,42333.33000000,42266.12000000,42332.66000000,63.05076000,1648070999999,2666723.05548180,1782,40.07191000,1694708.82830650,0
1648071000000,42332.67000000,42419.90000000,42332.66000000,42376.26000000,28.43106000,1648071899999,1204870.51540950,1922,18.04043000,764515.01517340,0
1648071900000,42376.27000000,42417.50000000,42375.00000000,42401.98000000,41.76895000,1648072799999,1771075.84166050,2007,20.51642000,869926.14662760,0
1648072800000,42401.99000000,42411.48000000,42350.00000000,42381.45000000,55.91014000,1648073699999,2369696.39679530,1900,28.74732000,1218490.89078130,0
1648073700000,42381.45000000,42471.88000000,42381.43000000,42454.88000000,78.35924000,1648074599999,3326275.02678680,2648,33.90115000,1438979.52947940,0
1648074600000,42454.88000000,42571.42000000,42451.78000000,42486.27000000,127.25377000,1648075499999,5409663.39066010,3847,71.10336000,3022157.27175570,0
1648075500000,42486.26000000,42546.93000000,42465.29000000,42503.93000000,52.91549000,1648076399999,2249047.54610880,1941,24.87578000,1057279.26518210,0
1648076400000,42502.55000000,42516.44000000,42446.10000000,42446.35000000,45.50894000,1648077299999,1933104.57974880,1837,17.55836000,745821.63939780,0
1648077300000,42446.35000000,42654.50000000,42418.73000000,42646.95000000,132.29012000,1648078199999,5627208.53106450,4056,73.69146000,3134106.53060480,0
1648078200000,42646.96000000,42825.64000000,42531.77000000,42755.20000000,194.38497000,1648079099999,8296367.53976370,6352,125.58439000,5360975.46729970,0
1648079100000,42755.19000000,43028.90000000,42731.15000000,42892.71000000,326.77800000,1648079999999,14025640.45537120,10434,199.80325000,8577694.28521470,0
1648080000000,42892.71000000,43128.85000000,42818.63000000,43050.03000000,310.20845000,1648080899999,13328027.39415020,8556,170.91862000,7343778.35819960,0
1648080900000,43050.02000000,43170.00000000,42927.94000000,42940.41000000,316.92169000,1648081799999,13652700.64601080,7254,212.80634000,9170707.34356720,0
1648081800000,42940.41000000,43293.82000000,42777.74000000,43197.41000000,328.52389000,1648082699999,14144782.69762300,11127,203.15306000,8750423.85559200,0
1648082700000,43197.41000000,43199.27000000,43048.34000000,43052.68000000,91.45551000,1648083599999,3942886.34744070,4223,41.25797000,1778653.04394220,0
1648083600000,43052.67000000,43101.94000000,42919.27000000,43008.01000000,162.06459000,1648084499999,6968613.12164490,5425,71.93470000,3093275.38857950,0
1648084500000,43000.33000000,43083.43000000,42750.36000000,42788.00000000,169.55604000,1648085399999,7270340.54735870,5735,56.67280000,2430459.75138720,0
1648085400000,42788.00000000,42878.00000000,42720.09000000,42795.66000000,100.56094000,1648086299999,4305228.26089980,3676,53.94675000,2309804.49230600,0
1648086300000,42795.65000000,42885.50000000,42750.00000000,42840.43000000,75.57406000,1648087199999,3236531.60146150,2614,39.69413000,1699788.96268500,0
1648087200000,42843.05000000,42888.86000000,42700.73000000,42716.31000000,64.74303000,1648088099999,2771434.97354940,2742,22.79363000,975941.18229960,0
1648088100000,42716.31000000,42805.52000000,42657.44000000,42787.81000000,112.21430000,1648088999999,4795291.79080840,3695,47.52760000,2031531.36892520,0
1648089000000,42787.80000000,42876.81000000,42783.74000000,42869.00000000,70.37170000,1648089899999,3015033.33713940,2292,43.34732000,1857039.42290920,0
1648089900000,42869.00000000,42977.77000000,42863.60000000,42967.53000000,72.07718000,1648090799999,3093950.39236540,2693,34.50623000,1481104.06654230,0
1648090800000,42967.53000000,42978.92000000,42870.00000000,42874.40000000,66.72445000,1648091699999,2865107.72049040,2092,29.18474000,1253122.78295620,0
1648091700000,42874.40000000,42955.75000000,42870.00000000,42942.86000000,54.82024000,1648092599999,2352209.79521270,1867,29.82034000,1279495.16705110,0
1648092600000,42942.87000000,42946.47000000,42748.95000000,42776.32000000,67.30077000,1648093499999,2882478.60618200,2385,19.92203000,853152.07087240,0
1648093500000,42776.32000000,42822.70000000,42700.60000000,42731.50000000,131.08040000,1648094399999,5604717.86648370,3063,50.85075000,2174097.44817530,0
1648094400000,42731.50000000,42806.52000000,42731.49000000,42806.51000000,53.79462000,1648095299999,2300813.77759000,1709,25.61653000,1095442.54744620,0
1648095300000,42806.51000000,42886.20000000,42767.09000000,42857.83000000,67.49694000,1648096199999,2890904.45157640,2007,32.27315000,1382364.54728970,0
1648096200000,42857.83000000,42898.41000000,42832.60000000,42898.41000000,48.46546000,1648097099999,2077261.76004420,1452,25.92374000,1111190.13305240,0
1648097100000,42898.41000000,42995.26000000,42862.41000000,42922.53000000,145.87261000,1648097999999,6261457.95233090,3207,72.55319000,3114371.93822200,0
1648098000000,42923.40000000,42940.00000000,42820.00000000,42896.27000000,74.36546000,1648098899999,3187816.07741040,2247,21.83525000,935933.72973940,0
1648098900000,42896.27000000,42898.15000000,42819.99000000,42834.58000000,63.56779000,1648099799999,2724148.82670870,1690,27.93285000,1197015.48024470,0
1648099800000,42834.58000000,42980.00000000,42804.44000000,42957.82000000,71.83804000,1648100699999,3082551.64601870,2235,36.95946000,1586222.34153200,0
1648100700000,42957.83000000,43065.84000000,42955.16000000,43035.54000000,102.57574000,1648101599999,4411939.22949530,3507,54.53700000,2345697.02892370,0
1648101600000,43035.54000000,43082.43000000,43010.56000000,43062.61000000,75.84455000,1648102499999,3264776.29934070,2658,29.79861000,1282661.96501880,0
1648102500000,43062.60000000,43498.04000000,43053.09000000,43223.30000000,384.35848000,1648103399999,16629704.60487100,12239,244.59553000,10584132.63363730,0
1648103400000,43224.58000000,43338.02000000,43014.08000000,43240.80000000,187.25957000,1648104299999,8085937.81254760,7488,71.90485000,3105012.17842840,0
1648104300000,43240.80000000,43295.40000000,43128.96000000,43220.24000000,93.81580000,1648105199999,4053006.96338900,3306,37.61189000,1624824.55766780,0
1648105200000,43220.25000000,43250.00000000,43016.17000000,43046.91000000,153.85604000,1648106099999,6634424.06725430,4100,70.29441000,3029990.56360170,0
1648106100000,43046.90000000,43117.07000000,42928.38000000,43098.75000000,224.75846000,1648106999999,9668095.71560590,5508,101.53019000,4367403.62002140,0
1648107000000,43098.74000000,43176.00000000,43020.62000000,43121.25000000,101.61758000,1648107899999,4379464.19215110,3386,46.62269000,2009366.94731920,0
1648107900000,43121.24000000,43169.88000000,43056.15000000,43096.98000000,86.97235000,1648108799999,3750156.91952810,3004,35.26836000,1520820.19561020,0
1648108800000,43096.99000000,43155.36000000,43000.06000000,43085.02000000,154.56028000,1648109699999,6657373.39794910,3970,95.62877000,4119186.71123610,0
1648109700000,43085.02000000,43096.37000000,43000.00000000,43060.58000000,91.67263000,1648110599999,3945613.82028950,3030,45.39363000,1953312.01441600,0
1648110600000,43060.57000000,43186.68000000,43060.57000000,43124.92000000,117.35927000,1648111499999,5060727.13017790,3545,67.53728000,2911818.82024910,0
1648111500000,43124.92000000,43125.00000000,43063.29000000,43064.21000000,65.27955000,1648112399999,2812794.32275720,2517,33.75612000,1454408.17573800,0
1648112400000,43064.21000000,43162.15000000,43061.35000000,43107.16000000,96.46384000,1648113299999,4157860.62267430,2610,45.83453000,1975502.64744750,0
1648113300000,43108.99000000,43190.14000000,43063.58000000,43127.86000000,119.46334000,1648114199999,5152929.52517950,2865,52.77527000,2276095.11017050,0
1648114200000,43127.85000000,43237.00000000,42861.01000000,43031.57000000,433.58621000,1648115099999,18668369.51035420,10339,176.43994000,7597710.10606230,0
1648115100000,43031.58000000,43111.00000000,42900.00000000,43040.42000000,182.77210000,1648115999999,7859607.24435610,4994,92.38065000,3972517.07436370,0
1648116000000,43043.78000000,43053.49000000,42950.00000000,42950.00000000,99.06961000,1648116899999,4259969.48468550,3199,37.82362000,1626481.17628190,0
1648116900000,42950.01000000,43060.03000000,42940.00000000,43020.03000000,88.88870000,1648117799999,3821837.45204580,2709,41.60429000,1788597.44252790,0
1648117800000,43020.03000000,43090.00000000,42988.00000000,43088.90000000,103.23726000,1648118699999,4443582.18522090,2861,52.56469000,2262500.91767210,0
1648118700000,43088.91000000,43114.49000000,43025.74000000,43025.75000000,102.42672000,1648119599999,4411028.95971030,2867,47.63497000,2051361.27440040,0
1648119600000,43025.75000000,43063.95000000,42963.12000000,43034.75000000,87.70162000,1648120499999,3772793.56121790,2936,45.05482000,1938297.04560710,0
1648120500000,43037.13000000,43099.00000000,43036.87000000,43055.78000000,67.66427000,1648121399999,2914538.31858730,2333,33.00776000,1421644.52452730,0
1648121400000,43055.79000000,43091.26000000,42898.69000000,42952.11000000,134.14633000,1648122299999,5765206.41728900,3721,51.11931000,2196813.23595050,0
1648122300000,42952.11000000,43000.00000000,42934.47000000,42989.18000000,82.22832000,1648123199999,3533237.34427070,2418,42.81020000,1839465.20646490,0
1648123200000,42989.17000000,43092.44000000,42913.83000000,42924.75000000,179.92164000,1648124099999,7736154.68421650,3966,88.67129000,3812709.44729540,0
1648124100000,42924.75000000,43053.95000000,42923.48000000,42963.92000000,164.42098000,1648124999999,7067374.78016680,3439,89.73582000,3857319.35498220,0
1648125000000,42963.91000000,42992.83000000,42810.00000000,42869.37000000,184.71181000,1648125899999,7922858.91013460,5286,63.90682000,2740573.69811250,0
1648125900000,42869.37000000,42896.36000000,42768.69000000,42828.01000000,156.18286000,1648126799999,6690203.75270610,4849,61.28067000,2625197.37920030,0
1648126800000,42828.01000000,42943.75000000,42819.13000000,42861.00000000,93.82786000,1648127699999,4024438.79268970,2998,54.66733000,2344925.15771000,0
1648127700000,42861.01000000,42904.00000000,42790.86000000,42791.47000000,84.47519000,1648128599999,3619109.00771750,3058,37.12801000,1590594.01975460,0
1648128600000,42791.47000000,43024.42000000,42612.86000000,42960.38000000,466.59070000,1648129499999,19986763.84190890,11895,239.42684000,10257538.31835650,0
1648129500000,42960.39000000,43080.35000000,42849.98000000,43010.35000000,234.53716000,1648130399999,10076649.85272100,5850,120.50487000,5176862.72507770,0
1648130400000,43008.23000000,43162.02000000,43008.23000000,43076.34000000,259.17024000,1648131299999,11167656.77283690,5034,137.25103000,5914323.55524170,0
1648131300000,43076.33000000,43081.39000000,42950.08000000,42986.09000000,153.22098000,1648132199999,6589141.19632920,3771,63.67722000,2738394.41790940,0
1648132200000,42981.84000000,43050.00000000,42901.84000000,43037.52000000,173.78804000,1648133099999,7470737.01381200,4144,86.79908000,3731577.16741790,0
1648133100000,43037.52000000,43605.21000000,43030.86000000,43602.21000000,895.40078000,1648133999999,38860616.20798700,19588,491.39982000,21324883.66140640,0
1648134000000,43602.22000000,43749.00000000,43500.02000000,43661.20000000,573.71919000,1648134899999,25027039.83842670,12656,282.41273000,12320119.15097110,0
1648134900000,43662.44000000,43858.10000000,43631.88000000,43812.07000000,423.86940000,1648135799999,18550408.50563960,9178,202.93764000,8882045.59969130,0
1648135800000,43812.06000000,44027.00000000,43702.86000000,44014.21000000,529.83290000,1648136699999,23267396.40322560,13065,312.67779000,13732330.33210550,0
1648136700000,44014.21000000,44044.44000000,43770.62000000,44017.40000000,461.71631000,1648137599999,20281282.06060180,9767,267.22945000,11742467.95057200,0
1648137600000,44017.41000000,44091.37000000,43875.00000000,43949.66000000,315.24739000,1648138499999,13862272.51921600,7206,177.11690000,7788991.57049840,0
1648138500000,43949.67000000,44200.00000000,43906.34000000,43966.00000000,322.48837000,1648139399999,14203658.57054910,8907,176.36487000,7768925.87846270,0
1648139400000,43966.00000000,44000.00000000,43868.76000000,43986.79000000,173.63689000,1648140299999,7628430.33542850,4571,71.14893000,3125419.32177620,0
1648140300000,43986.79000000,44074.07000000,43920.15000000,44023.76000000,110.24484000,1648141199999,4848502.73244250,3337,62.38764000,2743704.33804510,0
1648141200000,44023.77000000,44143.61000000,43987.67000000,44074.51000000,202.93763000,1648142099999,8941113.92732800,5041,111.83391000,4926905.06068580,0
1648142100000,44076.29000000,44240.00000000,44059.60000000,44105.84000000,205.16479000,1648142999999,9059736.19659950,5840,114.87320000,5072797.21689010,0
1648143000000,44106.18000000,44126.19000000,44000.00000000,44008.90000000,134.82025000,1648143899999,5936243.51440710,3783,51.78544000,2280136.14873130,0
1648143900000,44008.90000000,44037.93000000,43829.54000000,43834.35000000,163.03994000,1648144799999,7165674.57116290,5021,49.08315000,2157056.80187160,0
1648144800000,43834.35000000,43942.32000000,43831.15000000,43898.19000000,161.02058000,1648145699999,7068347.69217660,3405,58.61607000,2572726.64671390,0
1648145700000,43897.87000000,43918.30000000,43787.44000000,43902.52000000,206.69284000,1648146599999,9060054.39969560,4536,86.44194000,3788903.01376200,0
1648146600000,43902.52000000,43973.88000000,43886.54000000,43938.93000000,104.77599000,1648147499999,4603068.84019560,2968,45.25028000,1988067.66894820,0
1648147500000,43938.91000000,44021.96000000,43903.68000000,44009.99000000,100.69030000,1648148399999,4427492.85404090,2850,44.77444000,1968947.72259100,0
1648148400000,44009.99000000,44033.00000000,43916.20000000,44014.94000000,106.66544000,1648149299999,4692076.09483460,2825,56.42066000,2481763.10729080,0
1648149300000,44014.94000000,44096.75000000,43953.01000000,44084.37000000,125.70519000,1648150199999,5537141.64068200,3654,60.82747000,2679316.06522130,0
1648150200000,44084.36000000,44098.99000000,43971.43000000,44028.94000000,82.41727000,1648151099999,3629802.92083780,2610,33.81283000,1489203.27648280,0
1648151100000,44028.94000000,44028.95000000,43900.00000000,43932.37000000,151.31646000,1648151999999,6650005.36237370,3314,50.96902000,2240246.92315440,0
1648152000000,43930.86000000,43933.96000000,43849.89000000,43861.75000000,135.60342000,1648152899999,5950042.35901120,3271,41.04779000,1801030.96178510,0
1648152900000,43861.75000000,43956.53000000,43861.61000000,43920.06000000,47.58658000,1648153799999,2090332.46780590,1715,22.85439000,1003896.41289550,0
1648153800000,43921.69000000,43973.30000000,43845.94000000,43923.80000000,58.84839000,1648154699999,2584840.09813370,2087,24.81184000,1089922.95553990,0
1648154700000,43921.23000000,43945.76000000,43854.00000000,43888.32000000,38.49818000,1648155599999,1690042.98954280,1774,16.57887000,727842.73233330,0
1648155600000,43890.86000000,43924.11000000,43839.99000000,43861.70000000,61.54193000,1648156499999,2700884.06458820,1922,30.55121000,1340738.00600350,0
1648156500000,43861.70000000,43962.79000000,43834.00000000,43948.97000000,64.53603000,1648157399999,2833070.01076060,1883,37.43495000,1643516.90493440,0
1648157400000,43948.97000000,43998.99000000,43916.56000000,43951.32000000,48.12440000,1648158299999,2115623.91114810,1859,20.38116000,895908.52964830,0
1648158300000,43951.32000000,44070.00000000,43906.32000000,44054.27000000,85.76764000,1648159199999,3775336.29001460,2739,58.51459000,2575794.22193860,0
1648159200000,44054.26000000,44061.40000000,43928.67000000,44022.47000000,86.99453000,1648160099999,3827576.83547760,2594,32.46520000,1428600.20595160,0
1648160100000,44022.46000000,44123.75000000,43971.87000000,44075.49000000,106.55696000,1648160999999,4692707.95838130,3161,62.70359000,2761048.81551630,0
1648161000000,44075.49000000,44082.13000000,43997.39000000,44075.00000000,52.72650000,1648161899999,2322304.05289010,2037,27.14297000,1195501.27279270,0
1648161900000,44074.99000000,44087.29000000,43960.52000000,43973.18000000,52.44951000,1648162799999,2308167.43315260,1820,25.89152000,1139541.76921450,0
1648162800000,43973.18000000,44034.19000000,43916.59000000,43940.36000000,91.07584000,1648163699999,4004944.01919390,2242,36.37411000,1599689.89950530,0
1648163700000,43940.37000000,43985.83000000,43924.55000000,43957.24000000,41.56690000,1648164599999,1826798.49677520,1624,21.28749000,935511.22085160,0
1648164600000,43957.26000000,44015.15000000,43934.88000000,43991.33000000,69.45922000,1648165499999,3055150.35380940,1785,44.72288000,1967082.64251720,0
1648165500000,43991.33000000,44025.00000000,43900.70000000,44013.43000000,50.46759000,1648166399999,2219269.63949000,2071,25.29975000,1112666.99679110,0
1648166400000,44016.92000000,44023.92000000,43903.46000000,43943.27000000,71.40821000,1648167299999,3138713.83618090,2722,41.54660000,1826178.20062360,0
1648167300000,43943.28000000,43950.00000000,43882.67000000,43914.74000000,89.63742000,1648168199999,3936587.20861130,2760,40.03157000,1758016.97970370,0
1648168200000,43914.74000000,44019.99000000,43909.47000000,44001.85000000,113.24515000,1648169099999,4980847.15099190,2459,81.37816000,3579483.25677690,0
1648169100000,44001.85000000,44033.48000000,43958.87000000,43993.16000000,87.77288000,1648169999999,3862703.54908050,1974,60.97159000,2683331.84446570,0
1648170000000,43993.16000000,44092.41000000,43955.09000000,44048.43000000,75.15613000,1648170899999,3308337.33827300,2469,40.51068000,1783455.98777830,0
1648170900000,44048.43000000,44125.00000000,44034.17000000,44117.10000000,79.73055000,1648171799999,3513949.36201130,2453,42.44111000,1870559.56107390,0
1648171800000,44117.11000000,44407.06000000,44040.81000000,44215.83000000,494.04182000,1648172699999,21867770.08125250,13089,291.73710000,12912728.34464250,0
1648172700000,44214.16000000,44238.94000000,44090.93000000,44152.64000000,160.62188000,1648173599999,7092343.69714440,4239,68.58073000,3028256.27160670,0
1648173600000,44152.63000000,44183.04000000,44000.00000000,44022.17000000,144.13030000,1648174499999,6350881.28001360,4363,62.76781000,2766140.79435810,0
1648174500000,44020.78000000,44083.02000000,43980.01000000,44052.70000000,166.79760000,1648175399999,7342184.57557440,3457,75.06557000,3304462.37026550,0
1648175400000,44052.69000000,44055.63000000,43911.40000000,43935.25000000,142.37948000,1648176299999,6258089.29792720,4090,41.78298000,1836137.51035030,0
1648176300000,43935.63000000,43974.62000000,43901.39000000,43968.49000000,62.64671000,1648177199999,2752258.11215650,2052,23.09991000,1014797.89131330,0
1648177200000,43968.48000000,43982.02000000,43915.01000000,43956.64000000,59.48391000,1648178099999,2614219.11972910,1751,33.06298000,1452986.78939460,0
1648178100000,43956.64000000,43970.47000000,43900.00000000,43970.46000000,76.71619000,1648178999999,3369982.72324560,2288,37.97537000,1668175.00392550,0
1648179000000,43969.18000000,44015.04000000,43935.01000000,43978.66000000,57.89636000,1648179899999,2546603.25748580,2142,27.73082000,1219699.44922730,0
1648179900000,43978.66000000,44025.00000000,43958.00000000,43996.99000000,46.83190000,1648180799999,2059590.78214590,1870,21.57980000,949169.37809420,0
1648180800000,43996.99000000,44019.06000000,43970.00000000,43975.41000000,56.94157000,1648181699999,2504828.90217520,1982,19.93609000,877022.40323590,0
1648181700000,43975.41000000,44064.45000000,43934.12000000,44051.95000000,114.47978000,1648182599999,5036322.32650960,2646,51.60698000,2271058.29225810,0
1648182600000,44051.95000000,44051.95000000,43967.12000000,44003.20000000,48.05885000,1648183499999,2115206.53921600,1877,23.48918000,1033895.51690630,0
1648183500000,44003.20000000,44114.99000000,43981.78000000,44114.98000000,61.48062000,1648184399999,2708657.32248240,2460,42.65904000,1879515.26132970,0
1648184400000,44114.98000000,44125.68000000,44055.55000000,44115.53000000,44.32489000,1648185299999,1954139.04344200,1813,26.24245000,1156928.92043480,0
1648185300000,44115.53000000,44125.74000000,44040.00000000,44057.38000000,54.98110000,1648186199999,2422802.77300910,1863,25.61636000,1128729.58547700,0
1648186200000,44057.38000000,44104.45000000,44022.46000000,44092.31000000,75.67103000,1648187099999,3334106.02225070,1994,42.82719000,1887110.93343960,0
1648187100000,44092.31000000,44128.60000000,44061.99000000,44100.50000000,64.37565000,1648187999999,2839321.45040000,1995,27.08892000,1194846.93353550,0
1648188000000,44100.51000000,44199.52000000,44100.51000000,44159.72000000,79.35801000,1648188899999,3503642.78855360,2664,50.34133000,2222397.09321180,0
1648188900000,44159.72000000,44231.97000000,44151.01000000,44184.83000000,71.18198000,1648189799999,3145545.80755830,2855,35.71947000,1578441.02505340,0
1648189800000,44184.83000000,44222.00000000,44080.84000000,44093.47000000,127.71401000,1648190699999,5637645.77275740,4168,39.52732000,1744728.73604490,0
1648190700000,44093.47000000,44127.49000000,44000.00000000,44127.49000000,111.59792000,1648191599999,4915927.61164800,3585,42.90717000,1890035.13248610,0
1648191600000,44127.49000000,44196.64000000,44104.00000000,44180.89000000,83.31528000,1648192499999,3678549.10177410,3152,47.62155000,2102633.85783810,0
1648192500000,44180.89000000,44210.00000000,44163.47000000,44177.22000000,121.70231000,1648193399999,5377962.49034330,3420,72.15905000,3188608.44378740,0
1648193400000,44177.23000000,44177.23000000,44000.00000000,44008.58000000,153.48253000,1648194299999,6760350.87264490,3880,68.96414000,3037265.57370300,0
1648194300000,44008.58000000,44035.00000000,43931.35000000,43935.01000000,157.47110000,1648195199999,6923708.35068780,4262,56.88380000,2500894.66221640,0
1648195200000,43935.28000000,43941.62000000,43600.00000000,43849.66000000,426.54962000,1648196099999,18673092.32554880,11956,201.30366000,8812347.06106360,0
1648196100000,43849.66000000,43969.78000000,43771.00000000,43929.68000000,144.59639000,1648196999999,6345106.00054170,4543,64.72989000,2840876.15310520,0
1648197000000,43929.68000000,44076.38000000,43857.96000000,44048.93000000,182.13753000,1648197899999,8006573.20095110,4323,110.36020000,4852971.28760930,0
1648197900000,44048.94000000,44099.80000000,43980.01000000,44031.54000000,124.70717000,1648198799999,5492517.94113580,3399,58.63956000,2583169.89310400,0
1648198800000,44031.39000000,44058.96000000,43932.10000000,43961.99000000,86.56251000,1648199699999,3806611.41244180,2682,49.73224000,2186687.90204980,0
1648199700000,43961.99000000,44092.85000000,43961.99000000,44045.81000000,99.88731000,1648200599999,4398737.86604440,3058,61.05325000,2688450.91645740,0
1648200600000,44045.82000000,44150.00000000,44035.95000000,44134.31000000,84.50242000,1648201499999,3727464.76485670,3338,47.96398000,2115483.92263210,0
1648201500000,44134.31000000,44187.84000000,44107.72000000,44145.89000000,95.66170000,1648202399999,4223553.69805950,3065,56.90861000,2512666.85819390,0
1648202400000,44145.90000000,44198.00000000,44088.17000000,44148.54000000,106.76925000,1648203299999,4713171.92774630,3039,66.04739000,2915663.05811050,0
1648203300000,44148.53000000,44188.00000000,44111.14000000,44149.99000000,69.48145000,1648204199999,3067433.32019070,2414,42.83291000,1891069.73309340,0
1648204200000,44149.99000000,44196.53000000,44149.33000000,44196.53000000,148.69958000,1648205099999,6568677.27886930,2544,62.59504000,2764672.23991900,0
1648205100000,44196.53000000,44350.00000000,44136.51000000,44254.72000000,192.95803000,1648205999999,8537640.08013800,5701,107.04154000,4735900.21308670,0
1648206000000,44259.73000000,44374.27000000,44227.46000000,44348.50000000,168.35130000,1648206899999,7458036.47718800,4135,81.68452000,3617880.58893230,0
1648206900000,44348.49000000,44455.00000000,44256.41000000,44447.99000000,290.77452000,1648207799999,12899448.89172830,7154,182.11707000,8078692.25269560,0
1648207800000,44447.99000000,44655.00000000,44356.41000000,44564.63000000,657.57967000,1648208699999,29259303.40875430,12403,472.47962000,21022346.67381060,0
1648208700000,44564.62000000,44683.80000000,44553.60000000,44615.49000000,279.08011000,1648209599999,12457215.83391730,6876,132.50366000,5914074.02428220,0
1648209600000,44615.50000000,44682.89000000,44494.37000000,44559.09000000,196.65294000,1648210499999,8767402.12988420,5142,93.78277000,4180739.02212350,0
1648210500000,44559.09000000,44745.57000000,44476.45000000,44707.98000000,175.15867000,1648211399999,7815345.00857760,5772,105.62589000,4713055.40941390,0
1648211400000,44707.98000000,44900.00000000,44653.11000000,44856.32000000,290.40194000,1648212299999,13005128.02134200,7742,161.23991000,7220443.51404570,0
1648212300000,44856.32000000,44936.00000000,44786.86000000,44862.80000000,227.37453000,1648213199999,10201659.86393730,5841,124.29958000,5576540.80566070,0
1648213200000,44862.80000000,44900.00000000,44724.44000000,44838.03000000,207.21108000,1648214099999,9290087.52036680,5186,87.27275000,3913498.51975480,0
1648214100000,44838.06000000,44891.36000000,44767.60000000,44854.13000000,152.03758000,1648214999999,6817893.86915610,3938,87.30497000,3915211.38959680,0
1648215000000,44854.12000000,44980.00000000,44814.57000000,44871.37000000,394.75839000,1648215899999,17725678.23278450,7213,240.30891000,10789645.08020790,0
1648215900000,44871.37000000,45088.00000000,44835.42000000,45007.64000000,596.84551000,1648216799999,26846177.72237740,11531,347.78987000,15645057.05291680,0
1648216800000,45007.65000000,45104.07000000,44811.86000000,44811.86000000,452.84963000,1648217699999,20379874.50948600,8742,237.64307000,10697032.28166800,0
1648217700000,44811.87000000,45013.01000000,44714.08000000,44904.21000000,234.47910000,1648218599999,10523387.30913130,7132,136.63000000,6132167.98532710,0
1648218600000,44904.20000000,45013.02000000,44856.38000000,44969.98000000,155.34389000,1648219499999,6983078.38147490,4356,68.29469000,3070577.10018930,0
1648219500000,44969.98000000,44993.26000000,44838.50000000,44890.00000000,159.43354000,1648220399999,7162977.53039010,3739,57.36953000,2577285.21178120,0
1648220400000,44890.02000000,44908.06000000,44630.02000000,44642.22000000,292.58086000,1648221299999,13088684.39973480,7227,140.80589000,6298208.92652080,0
1648221300000,44639.99000000,44767.60000000,44400.00000000,44418.63000000,441.58849000,1648222199999,19672071.78931930,9959,241.55860000,10762596.42554590,0
1648222200000,44418.63000000,44499.93000000,44306.00000000,44375.43000000,433.46555000,1648223099999,19244461.36423650,8896,249.36804000,11071224.96406230,0
1648223100000,44374.53000000,44374.53000000,44214.20000000,44336.98000000,339.68528000,1648223999999,15046482.12271050,7447,189.39743000,8389416.37207160,0
1648224000000,44336.99000000,44599.00000000,44214.74000000,44468.69000000,315.46887000,1648224899999,14000566.30324670,7260,173.85886000,7717022.36202750,0
1648224900000,44472.30000000,44577.96000000,44350.30000000,44462.18000000,223.52717000,1648225799999,9935417.57527010,4887,114.82500000,5105217.18007310,0
1648225800000,44462.18000000,44475.79000000,44255.00000000,44256.48000000,143.02949000,1648226699999,6342778.97861340,4117,67.76200000,3004084.39044680,0
1648226700000,44264.38000000,44337.96000000,44157.31000000,44166.66000000,246.55004000,1648227599999,10906036.63657140,7109,110.45687000,4885688.68617700,0
1648227600000,44166.67000000,44320.51000000,44034.55000000,44152.69000000,301.75291000,1648228499999,13320523.12814910,8548,147.85397000,6527232.55834920,0
1648228500000,44152.69000000,44277.06000000,44152.69000000,44270.79000000,147.11176000,1648229399999,6504825.55292200,4099,75.59596000,3342346.55542050,0
1648229400000,44270.79000000,44322.57000000,44200.00000000,44257.29000000,123.99752000,1648230299999,5488031.09856430,3434,67.78177000,3000013.96644070,0
1648230300000,44255.00000000,44357.05000000,44176.75000000,44344.90000000,165.03646000,1648231199999,7303434.83840740,3439,108.27063000,4791210.50966760,0
1648231200000,44344.90000000,44478.50000000,44320.48000000,44412.29000000,175.95270000,1648232099999,7812240.45641560,4704,96.37768000,4279070.92923360,0
1648232100000,44412.29000000,44487.00000000,44317.62000000,44406.28000000,168.40100000,1648232999999,7474939.92292520,3530,102.22986000,4536959.46120460,0
1648233000000,44406.29000000,44477.74000000,44360.00000000,44476.43000000,62.06620000,1648233899999,2757359.02632450,2297,24.93604000,1107835.97172530,0
1648233900000,44476.42000000,44535.21000000,44410.01000000,44471.90000000,92.17208000,1648234799999,4099605.79264350,2836,46.55136000,2070301.75408010,0
1648234800000,44471.90000000,44487.66000000,44299.91000000,44361.05000000,190.33498000,1648235699999,8444964.29976920,3706,96.66222000,4288330.50664490,0
1648235700000,44361.05000000,44366.05000000,44224.00000000,44238.00000000,120.15147000,1648236599999,5319157.00418380,3117,63.39999000,2806624.85826630,0
1648236600000,44238.01000000,44374.72000000,44187.36000000,44342.00000000,97.12154000,1648237499999,4298848.36231790,3345,58.20828000,2576501.40944720,0
1648237500000,44342.00000000,44474.97000000,44340.50000000,44464.51000000,93.18567000,1648238399999,4137248.33243870,3042,49.33599000,2190421.15994600,0
1648238400000,44464.52000000,44544.71000000,44400.20000000,44544.70000000,140.10002000,1648239299999,6229769.34954710,3194,96.22994000,4278894.69522510,0
1648239300000,44544.70000000,44545.00000000,44440.01000000,44474.00000000,87.37483000,1648240199999,3887529.38269230,2303,42.83269000,1905435.39346580,0
1648240200000,44476.52000000,44540.00000000,44379.99000000,44537.92000000,107.61629000,1648241099999,4781763.80261020,2751,57.51632000,2555821.70120620,0
1648241100000,44537.92000000,44626.12000000,44487.38000000,44568.30000000,115.85278000,1648241999999,5161563.25323770,3495,65.01265000,2896448.92635200,0
1648242000000,44568.30000000,44568.30000000,44484.34000000,44506.48000000,92.71791000,1648242899999,4126694.04389260,2499,44.66293000,1987737.98947290,0
1648242900000,44506.89000000,44539.62000000,44448.98000000,44460.01000000,67.99206000,1648243799999,3024887.25372250,2170,31.63300000,1407217.34124350,0
1648243800000,44460.00000000,44474.37000000,44425.80000000,44469.46000000,40.67031000,1648244699999,1807769.54706890,1545,10.21726000,454149.38401320,0
1648244700000,44469.46000000,44562.10000000,44437.53000000,44546.01000000,39.64923000,1648245599999,1764682.37997200,1671,24.66278000,1097744.58638150,0
1648245600000,44543.30000000,44546.01000000,44366.66000000,44425.47000000,79.01390000,1648246499999,3509486.60402620,2852,37.75777000,1676711.31840400,0
1648246500000,44425.47000000,44425.47000000,44333.32000000,44384.37000000,53.88375000,1648247399999,2391230.91514600,1846,29.79659000,1322455.72188980,0
1648247400000,44384.36000000,44440.00000000,44340.48000000,44345.55000000,50.36402000,1648248299999,2235660.41642640,1899,27.15286000,1205329.71078920,0
1648248300000,44345.55000000,44417.00000000,44285.41000000,44318.35000000,62.69780000,1648249199999,2780180.52036410,2205,24.32021000,1078447.44768850,0
1648249200000,44318.34000000,44400.00000000,44260.86000000,44342.21000000,56.33967000,1648250099999,2497008.38928710,2251,29.54158000,1309507.67893130,0
1648250100000,44342.21000000,44369.99000000,44252.33000000,44292.33000000,40.12629000,1648250999999,1777870.06477200,1663,15.07667000,668007.12910020,0
1648251000000,44292.34000000,44380.00000000,44280.02000000,44366.49000000,50.02843000,1648251899999,2218696.93025530,1527,22.95077000,1017823.49830190,0
1648251900000,44366.49000000,44400.00000000,44299.39000000,44335.95000000,58.89886000,1648252799999,2613148.19147850,1597,17.50686000,776540.42782210,0
1648252800000,44335.95000000,44436.01000000,44321.89000000,44415.99000000,62.44503000,1648253699999,2771267.20678560,2139,34.21576000,1518364.27217430,0
1648253700000,44416.00000000,44471.33000000,44410.00000000,44451.86000000,43.05259000,1648254599999,1913356.69604080,1805,24.47998000,1087933.00194010,0
1648254600000,44451.87000000,44457.12000000,44363.42000000,44390.30000000,46.38248000,1648255499999,2059726.51750530,1552,16.59330000,737024.73268260,0
1648255500000,44390.31000000,44390.31000000,44153.16000000,44175.56000000,145.98567000,1648256399999,6457529.75719980,3835,73.03360000,3229915.66824720,0
1648256400000,44175.56000000,44261.83000000,44095.76000000,44209.17000000,123.78882000,1648257299999,5469610.06464900,3503,57.93512000,2559369.31260180,0
1648257300000,44209.17000000,44263.32000000,44166.66000000,44192.36000000,48.05233000,1648258199999,2125228.35603580,1491,23.54269000,1041301.63157140,0
1648258200000,44192.36000000,44338.00000000,44171.80000000,44322.15000000,67.70779000,1648259099999,2997078.29266470,2083,42.08810000,1862882.88922190,0
1648259100000,44322.15000000,44369.99000000,44269.34000000,44311.06000000,68.67405000,1648259999999,3043766.22357270,1746,43.07153000,1909036.88129140,0
1648260000000,44311.95000000,44396.00000000,44270.00000000,44370.50000000,60.89021000,1648260899999,2700638.24429620,1798,35.83246000,1589676.10912500,0
1648260900000,44366.62000000,44394.37000000,44335.96000000,44383.01000000,68.77498000,1648261799999,3051528.26360690,1598,43.21261000,1917242.71239140,0
1648261800000,44383.01000000,44390.00000000,44319.30000000,44353.48000000,45.99687000,1648262699999,2040373.16674440,1370,28.91601000,1282673.23794250,0
1648262700000,44353.48000000,44353.48000000,44208.00000000,44306.42000000,118.42641000,1648263599999,5242549.44883120,2502,56.06206000,2481597.78342040,0
1648263600000,44306.42000000,44387.31000000,44273.94000000,44386.26000000,58.23529000,1648264499999,2582565.88227120,1742,30.07422000,1333607.31766330,0
1648264500000,44386.26000000,44448.96000000,44356.40000000,44400.31000000,114.82779000,1648265399999,5098050.33542990,2733,61.44099000,2727806.43019210,0
1648265400000,44400.01000000,44430.52000000,44340.82000000,44412.85000000,84.13494000,1648266299999,3734762.43200370,1718,40.24733000,1786127.65050840,0
1648266300000,44412.84000000,44437.85000000,44380.06000000,44415.10000000,57.47771000,1648267199999,2552641.85977290,1446,28.55392000,1268007.30294030,0
1648267200000,44415.08000000,44483.34000000,44410.01000000,44448.93000000,165.69825000,1648268099999,7365303.78773230,2944,116.85049000,5194186.04418430,0
1648268100000,44448.94000000,44465.25000000,44386.20000000,44464.81000000,62.56412000,1648268999999,2779344.39830410,1536,24.99500000,1110238.40480140,0
1648269000000,44465.00000000,44468.00000000,44400.20000000,44417.32000000,46.67902000,1648269899999,2073969.74168640,1241,25.21178000,1120035.01496000,0
1648269900000,44417.31000000,44464.65000000,44411.31000000,44424.54000000,48.89286000,1648270799999,2173198.67674320,1390,18.71458000,831760.27756800,0
1648270800000,44424.54000000,44450.00000000,44378.33000000,44448.00000000,33.03657000,1648271699999,1467137.61973830,1451,19.75029000,877056.15777540,0
1648271700000,44447.80000000,44453.85000000,44381.90000000,44448.68000000,45.16546000,1648272599999,2006208.50972710,1590,15.13188000,672033.96507500,0
1648272600000,44448.68000000,44521.99000000,44426.19000000,44484.00000000,77.89079000,1648273499999,3465324.96150930,2176,43.59078000,1939281.92125790,0
1648273500000,44484.00000000,44537.80000000,44474.13000000,44521.73000000,52.56116000,1648274399999,2339318.55403770,1665,30.46955000,1355918.68052760,0
1648274400000,44521.80000000,44563.24000000,44474.23000000,44482.40000000,70.79399000,1648275299999,3151670.12118100,2059,28.07484000,1249893.24292590,0
1648275300000,44482.40000000,44504.74000000,44460.09000000,44498.62000000,57.58384000,1648276199999,2561357.23308270,1606,27.79727000,1236456.93613870,0
1648276200000,44498.62000000,44518.74000000,44450.00000000,44457.59000000,42.60807000,1648277099999,1895128.58765620,1445,18.89350000,840419.63295330,0
1648277100000,44459.82000000,44466.45000000,44407.28000000,44466.45000000,54.48183000,1648277999999,2420805.69641080,1834,26.09770000,1159539.92414380,0
1648278000000,44469.00000000,44489.43000000,44406.39000000,44442.00000000,38.46490000,1648278899999,1709503.07092210,1563,18.29196000,813004.19377480,0
1648278900000,44442.01000000,44454.95000000,44381.40000000,44428.38000000,39.93403000,1648279799999,1773651.55834160,1529,16.22307000,720536.08536240,0
1648279800000,44428.38000000,44509.16000000,44416.48000000,44485.67000000,83.48740000,1648280699999,3712618.57983700,2225,42.63430000,1895787.55993390,0
1648280700000,44485.66000000,44566.46000000,44460.60000000,44530.25000000,89.87178000,1648281599999,4002468.91775430,2756,40.64652000,1810154.03063810,0
1648281600000,44530.25000000,44545.00000000,44485.81000000,44545.00000000,67.41539000,1648282499999,3001039.41456650,2178,40.81289000,1816877.81288390,0
1648282500000,44545.00000000,44596.00000000,44472.02000000,44485.01000000,93.68312000,1648283399999,4173011.59650280,2325,42.63146000,1899321.21167040,0
1648283400000,44485.00000000,44511.25000000,44465.26000000,44480.04000000,70.14411000,1648284299999,3120374.67191600,1799,52.07358000,2316416.24578690,0
1648284300000,44480.04000000,44534.97000000,44470.99000000,44519.98000000,44.85456000,1648285199999,1995747.92376000,1732,20.10937000,894780.55817730,0
1648285200000,44519.99000000,44520.00000000,44450.51000000,44459.27000000,78.57587000,1648286099999,3494380.58509460,1966,42.54483000,1892039.63713940,0
1648286100000,44459.23000000,44509.98000000,44448.01000000,44493.35000000,83.58497000,1648286999999,3717305.04257180,2016,54.57262000,2426698.48597070,0
1648287000000,44493.34000000,44533.34000000,44464.65000000,44464.65000000,72.38864000,1648287899999,3221520.20810990,1995,55.24749000,2458675.75631820,0
1648287900000,44464.65000000,44516.66000000,44458.48000000,44503.83000000,33.14479000,1648288799999,1474341.70890540,1450,18.72648000,832952.39311740,0
1648288800000,44498.71000000,44516.66000000,44460.00000000,44461.98000000,29.72395000,1648289699999,1322233.84495280,1724,12.38169000,550807.52310730,0
1648289700000,44461.99000000,44501.88000000,44407.80000000,44436.98000000,60.87607000,1648290599999,2706744.11947510,2072,33.27676000,1479794.75043150,0
1648290600000,44436.99000000,44487.00000000,44400.00000000,44400.43000000,45.78514000,1648291499999,2034722.83045900,1786,18.49624000,822077.87787410,0
1648291500000,44400.43000000,44467.78000000,44400.01000000,44451.72000000,33.52548000,1648292399999,1489873.65509940,1503,14.99131000,666202.33410780,0
1648292400000,44451.73000000,44471.18000000,44400.87000000,44442.87000000,26.39995000,1648293299999,1173047.04765040,1397,13.06056000,580347.07209210,0
1648293300000,44442.87000000,44495.00000000,44400.20000000,44494.99000000,45.65307000,1648294199999,2028523.46373920,1660,20.89132000,928271.98943790,0
1648294200000,44495.00000000,44509.83000000,44405.56000000,44420.75000000,59.17289000,1648295099999,2630989.97092960,1887,26.48433000,1177714.33839620,0
1648295100000,44420.75000000,44429.16000000,44351.00000000,44361.28000000,58.07082000,1648295999999,2578062.62067950,2026,25.92560000,1150955.72193270,0
1648296000000,44357.56000000,44411.90000000,44329.51000000,44370.89000000,41.74763000,1648296899999,1852473.46781080,1794,23.21486000,1030151.95096970,0
1648296900000,44370.89000000,44389.78000000,44288.88000000,44320.20000000,114.45946000,1648297799999,5073088.25208940,2571,50.24284000,2226737.05669410,0
1648297800000,44320.20000000,44325.72000000,44244.89000000,44317.94000000,89.84076000,1648298699999,3978223.75394400,3155,38.24249000,1693326.84560880,0
1648298700000,44317.94000000,44422.50000000,44273.19000000,44366.88000000,139.51749000,1648299599999,6188250.01845750,3471,76.57119000,3396296.75050630,0
1648299600000,44366.87000000,44413.00000000,44350.00000000,44370.02000000,36.24607000,1648300499999,1608523.35070760,1877,18.40208000,816602.28355250,0
1648300500000,44370.01000000,44378.06000000,44194.00000000,44249.81000000,126.91559000,1648301399999,5616007.35668920,3077,36.13274000,1599274.58564460,0
1648301400000,44249.81000000,44286.06000000,44214.30000000,44271.99000000,46.50946000,1648302299999,2057950.16773700,1860,28.99778000,1282995.79401210,0
1648302300000,44271.98000000,44322.63000000,44232.97000000,44280.00000000,49.51132000,1648303199999,2192398.75422160,1698,23.74985000,1051612.24711250,0
1648303200000,44280.00000000,44297.35000000,44224.77000000,44233.87000000,48.64810000,1648304099999,2153320.45233570,1650,25.18755000,1114765.04645970,0
1648304100000,44233.88000000,44254.96000000,44193.16000000,44249.99000000,44.09523000,1648304999999,1950033.18940780,1914,17.32402000,766172.21522740,0
1648305000000,44249.99000000,44256.07000000,44192.51000000,44201.41000000,46.99341000,1648305899999,2078221.06035240,1791,23.72287000,1049001.47486160,0
1648305900000,44201.41000000,44273.60000000,44173.23000000,44270.00000000,74.92556000,1648306799999,3312563.65880120,2211,45.75965000,2022990.67749960,0
1648306800000,44269.99000000,44294.28000000,44252.15000000,44279.75000000,55.93536000,1648307699999,2476597.89982270,1712,19.26774000,853099.16769410,0
1648307700000,44279.75000000,44279.76000000,44235.71000000,44253.22000000,60.87856000,1648308599999,2693742.25748770,1491,36.66878000,1622464.16657320,0
1648308600000,44256.23000000,44346.00000000,44210.00000000,44342.68000000,131.66416000,1648309499999,5831052.13897700,2570,65.96129000,2920707.25270010,0
1648309500000,44342.68000000,44346.00000000,44221.82000000,44226.02000000,71.71754000,1648310399999,3176367.13744730,2033,26.34120000,1166385.61164720,0
1648310400000,44226.02000000,44235.52000000,44179.00000000,44207.59000000,105.17020000,1648311299999,4649454.81913580,2233,52.90598000,2339187.13230590,0
1648311300000,44207.60000000,44280.00000000,44159.74000000,44266.99000000,93.23880000,1648312199999,4123985.11734260,2184,41.31862000,1827363.19982820,0
1648312200000,44266.99000000,44306.15000000,44232.47000000,44306.15000000,38.58201000,1648313099999,1708521.08833310,1678,20.50200000,907958.81773240,0
1648313100000,44306.14000000,44329.12000000,44281.37000000,44317.79000000,41.46704000,1648313999999,1837328.15517050,1692,25.82058000,1144023.63264980,0
1648314000000,44317.79000000,44409.99000000,44306.66000000,44398.20000000,140.93807000,1648314899999,6251011.96197120,2849,95.96396000,4256397.67273400,0
1648314900000,44398.20000000,44449.99000000,44370.95000000,44439.72000000,60.25833000,1648315799999,2675783.03155340,2473,35.54859000,1578525.08406700,0
1648315800000,44439.73000000,44442.00000000,44387.99000000,44404.36000000,57.04108000,1648316699999,2533623.80665040,1909,35.71443000,1586328.09963130,0
1648316700000,44404.77000000,44430.51000000,44390.52000000,44393.14000000,45.81532000,1648317599999,2034867.15188760,1439,25.99233000,1154452.48610880,0
1648317600000,44393.14000000,44444.00000000,44393.14000000,44403.66000000,72.84817000,1648318499999,3235743.48795700,1888,38.07346000,1691154.80097880,0
1648318500000,44403.66000000,44418.92000000,44390.14000000,44400.39000000,36.49066000,1648319399999,1620316.77093420,1546,17.80369000,790539.55554250,0
1648319400000,44400.40000000,44472.51000000,44390.15000000,44433.07000000,53.01908000,1648320299999,2355803.19752720,2048,35.92892000,1596371.98474140,0
1648320300000,44434.15000000,44480.90000000,44428.03000000,44457.94000000,35.01029000,1648321199999,1556347.94735980,1599,18.15419000,807025.75423080,0
1648321200000,44457.93000000,44485.74000000,44424.45000000,44468.98000000,40.42221000,1648322099999,1797178.66200520,1696,20.86734000,927780.41625670,0
1648322100000,44468.98000000,44479.98000000,44361.70000000,44368.63000000,82.85402000,1648322999999,3680437.28663880,2365,27.88550000,1238696.57410920,0
1648323000000,44369.79000000,44378.31000000,44334.58000000,44358.61000000,100.58579000,1648323899999,4460891.29431970,2165,57.70972000,2559281.06840860,0
1648323900000,44358.62000000,44393.23000000,44340.64000000,44385.94000000,47.16455000,1648324799999,2092590.04933240,1597,25.59140000,1135426.55749240,0
1648324800000,44385.94000000,44565.31000000,44385.25000000,44560.00000000,147.08206000,1648325699999,6543950.53602930,3675,103.30468000,4596160.45712490,0
1648325700000,44565.00000000,44775.80000000,44565.00000000,44720.30000000,245.65673000,1648326599999,10981885.75712420,7085,178.69881000,7987376.41890430,0
1648326600000,44720.31000000,44809.02000000,44714.27000000,44748.90000000,135.28955000,1648327499999,6055781.67242070,3475,75.80261000,3393235.06486190,0
1648327500000,44748.88000000,44748.88000000,44488.83000000,44594.78000000,146.56849000,1648328399999,6536444.05069450,4608,68.78746000,3067335.88522080,0
1648328400000,44594.77000000,44600.00000000,44323.87000000,44422.24000000,173.48352000,1648329299999,7708019.37427500,5466,65.12899000,2892794.73969120,0
1648329300000,44422.25000000,44422.25000000,44307.71000000,44311.75000000,93.84763000,1648330199999,4163287.41691480,2622,36.21660000,1606757.25331610,0
1648330200000,44311.75000000,44399.77000000,44276.11000000,44396.16000000,40.88728000,1648331099999,1813531.64066030,2026,16.08870000,713792.59830950,0
1648331100000,44396.17000000,44470.16000000,44396.16000000,44463.62000000,32.15075000,1648331999999,1428433.48115070,1568,18.93632000,841262.58840420,0
1648332000000,44463.62000000,44490.00000000,44411.09000000,44449.45000000,42.59031000,1648332899999,1893440.08049770,1820,25.44059000,1130962.16635130,0
1648332900000,44449.45000000,44542.43000000,44441.73000000,44487.05000000,49.21642000,1648333799999,2189495.70350970,1807,22.51590000,1001770.01123740,0
1648333800000,44487.05000000,44487.05000000,44430.17000000,44446.50000000,33.79166000,1648334699999,1502091.81645520,1343,15.14942000,673396.87169890,0
1648334700000,44446.50000000,44470.37000000,44387.75000000,44387.76000000,34.19507000,1648335599999,1518773.57168940,1539,14.93347000,663249.23877710,0
1648335600000,44388.22000000,44454.14000000,44388.21000000,44418.75000000,29.10381000,1648336499999,1292649.81285850,1542,11.97810000,531999.29705460,0
1648336500000,44418.75000000,44507.82000000,44418.75000000,44482.98000000,136.01109000,1648337399999,6048168.68381010,2369,53.25186000,2368359.30337850,0
1648337400000,44482.11000000,44531.73000000,44479.99000000,44530.48000000,46.63268000,1648338299999,2075660.89701500,1651,26.53263000,1181003.30087100,0
1648338300000,44530.49000000,44590.88000000,44500.96000000,44530.00000000,47.27183000,1648339199999,2105932.37517310,2224,25.21480000,1123292.99175250,0
1648339200000,44530.01000000,44608.48000000,44505.91000000,44567.57000000,82.62401000,1648340099999,3681882.17366320,3087,53.76902000,2396157.29580190,0
1648340100000,44567.57000000,44600.37000000,44549.90000000,44566.53000000,203.62946000,1648340999999,9078942.43457130,3176,71.27083000,3177007.26160910,0
1648341000000,44566.52000000,44711.00000000,44539.00000000,44668.86000000,104.84198000,1648341899999,4680242.08021670,3585,62.12122000,2772977.14519990,0
1648341900000,44668.84000000,44764.61000000,44662.01000000,44735.71000000,106.09735000,1648342799999,4744510.31647380,2884,49.69433000,2222310.18343620,0
1648342800000,44735.44000000,44785.71000000,44670.64000000,44705.84000000,75.86846000,1648343699999,3393629.35882080,2653,32.55875000,1456294.91791360,0
1648343700000,44705.84000000,44760.56000000,44650.00000000,44650.98000000,70.27455000,1648344599999,3142198.44367850,2107,28.88751000,1291705.29225410,0
1648344600000,44650.98000000,44722.22000000,44600.00000000,44659.91000000,90.26462000,1648345499999,4030678.71203200,2521,38.37957000,1714081.23646620,0
1648345500000,44659.91000000,44752.57000000,44659.90000000,44745.27000000,33.90072000,1648346399999,1515899.33187730,1651,18.38956000,822299.35061960,0
1648346400000,44745.28000000,44958.46000000,44700.40000000,44951.71000000,216.79479000,1648347299999,9725387.39983350,5653,143.24199000,6425737.58286590,0
1648347300000,44952.83000000,44958.46000000,44780.89000000,44800.00000000,95.10994000,1648348199999,4268390.99095830,2840,31.11592000,1396749.13857880,0
1648348200000,44800.00000000,44833.35000000,44701.07000000,44701.07000000,66.04024000,1648349099999,2956080.15966560,2566,24.05936000,1077049.33044090,0
1648349100000,44701.08000000,44734.38000000,44681.37000000,44723.14000000,49.51035000,1648349999999,2213309.45685830,1787,30.04573000,1343098.31710190,0
1648350000000,44723.13000000,44736.65000000,44664.48000000,44736.65000000,31.65726000,1648350899999,1414910.44649380,1477,15.37494000,687163.52244660,0
1648350900000,44736.65000000,44736.98000000,44684.33000000,44713.25000000,21.00931000,1648351799999,939177.53972880,973,9.13542000,408359.50543620,0
1648351800000,44713.24000000,44724.99000000,44665.43000000,44675.93000000,29.46721000,1648352699999,1316888.24788500,1256,15.37786000,687220.36422270,0
1648352700000,44675.92000000,44736.60000000,44640.94000000,44732.16000000,49.18454000,1648353599999,2197353.86121920,1815,24.65232000,1101377.04943300,0
1648353600000,44732.15000000,44780.33000000,44708.22000000,44732.32000000,54.99019000,1648354499999,2460992.09448690,1751,24.77029000,1108363.69379270,0
1648354500000,44732.31000000,44749.73000000,44611.63000000,44611.77000000,79.14534000,1648355399999,3535634.21148580,2561,32.38610000,1447003.82981090,0
1648355400000,44611.77000000,44654.73000000,44564.19000000,44592.64000000,79.53585000,1648356299999,3547415.86095410,2325,42.43499000,1892577.58634040,0
1648356300000,44595.32000000,44641.38000000,44592.65000000,44598.01000000,33.71935000,1648357199999,1504601.08803620,1149,11.42035000,509580.78973480,0
1648357200000,44598.00000000,44668.68000000,44591.01000000,44668.68000000,26.88878000,1648358099999,1199930.64610190,1140,18.33674000,818218.90044420,0
1648358100000,44668.68000000,44719.99000000,44653.79000000,44714.05000000,26.88381000,1648358999999,1201150.86198380,1356,16.60954000,742126.56477190,0
1648359000000,44714.05000000,44728.46000000,44688.99000000,44708.33000000,29.12049000,1648359899999,1302062.15454010,1049,14.29700000,639247.60049380,0
1648359900000,44708.33000000,44708.33000000,44650.01000000,44660.98000000,28.14895000,1648360799999,1257415.72174690,1121,14.38274000,642462.09620940,0
1648360800000,44660.99000000,44716.67000000,44640.52000000,44715.11000000,36.42337000,1648361699999,1627310.01950890,1363,17.32991000,774323.05069960,0
1648361700000,44715.12000000,44740.45000000,44695.89000000,44723.44000000,52.75637000,1648362599999,2359282.94036200,1622,23.53953000,1052636.50560210,0
1648362600000,44723.67000000,44749.50000000,44675.90000000,44691.55000000,43.46883000,1648363499999,1943504.91484380,1425,23.12658000,1033939.49064730,0
1648363500000,44691.40000000,44691.40000000,44657.74000000,44679.99000000,26.83407000,1648364399999,1198859.44828220,1107,15.58632000,696352.16469230,0
1648364400000,44679.99000000,44700.00000000,44657.25000000,44700.00000000,45.58088000,1648365299999,2036327.96879050,1288,30.89206000,1380141.53176980,0
1648365300000,44700.00000000,44739.94000000,44676.77000000,44718.19000000,36.53691000,1648366199999,1633694.61270200,1534,23.18432000,1036677.61020510,0
1648366200000,44712.65000000,44723.14000000,44690.02000000,44697.63000000,26.34075000,1648367099999,1177590.44087180,1273,9.46630000,423160.38577440,0
1648367100000,44697.63000000,44765.00000000,44687.42000000,44750.33000000,67.24599000,1648367999999,3007122.61103350,1858,50.36213000,2252021.11163460,0
1648368000000,44750.33000000,44766.33000000,44715.90000000,44724.59000000,63.79020000,1648368899999,2854248.22563770,1725,38.78361000,1735364.74838800,0
1648368900000,44724.59000000,44752.48000000,44641.63000000,44641.63000000,40.81083000,1648369799999,1823875.18350470,1545,12.67040000,566347.44360360,0
1648369800000,44641.63000000,44711.80000000,44614.47000000,44683.68000000,52.90684000,1648370699999,2362606.03380960,1889,27.49711000,1227796.91116100,0
1648370700000,44683.69000000,44683.69000000,44620.00000000,44624.11000000,36.61348000,1648371599999,1634749.83135330,1441,14.42042000,643793.03339900,0
1648371600000,44626.71000000,44682.38000000,44626.70000000,44658.49000000,30.60463000,1648372499999,1366558.99810470,1311,16.83664000,751756.01464490,0
1648372500000,44658.49000000,44720.08000000,44650.00000000,44654.39000000,57.11834000,1648373399999,2552468.42337260,1419,22.35968000,999288.16757550,0
1648373400000,44650.28000000,44655.97000000,44612.81000000,44624.57000000,71.80291000,1648374299999,3204901.40711400,1674,17.70625000,790296.29525780,0
1648374300000,44624.57000000,44624.58000000,44557.60000000,44561.99000000,109.04196000,1648375199999,4862005.18224360,2138,48.75780000,2174058.98023740,0
1648375200000,44561.98000000,44639.66000000,44512.10000000,44617.91000000,60.97270000,1648376099999,2718269.48229220,2438,24.71720000,1102222.91347930,0
1648376100000,44617.91000000,44617.91000000,44574.73000000,44595.11000000,33.27304000,1648376999999,1483898.38283180,1175,19.68216000,877718.48351580,0
1648377000000,44595.31000000,44600.00000000,44563.12000000,44588.85000000,43.26056000,1648377899999,1928521.21400050,1287,19.14874000,853592.81071660,0
1648377900000,44588.85000000,44621.24000000,44557.69000000,44570.51000000,60.91028000,1648378799999,2715901.65076510,1310,14.57252000,649695.54143340,0
